{
    "animations": [{
        "name": "default",
        "tracks": [],
        "fps": 29
    }],
    "geometries": [{
        "data": {
            "uvs": [[0.802944,0.252333,0.840879,0.395999,0.566761,0.39578,0.565129,0.242092,0.766253,0.60452,0.765829,0.787879,0.53977,0.832665,0.548623,0.677216,0.23594,0.422195,0.415706,0.446538,0.406125,0.651547,0.242106,0.534029,0.339757,0.45785,0.477303,0.38953,0.48397,0.582635,0.355482,0.545321,0.568141,0.368089,0.756254,0.353791,0.752739,0.51775,0.582456,0.561866,0.604148,0.396292,0.761272,0.382379,0.764057,0.512773,0.590149,0.60318,0.852094,0.623783,0.565142,0.648191,0.349397,0.825772,0.362079,0.650603,0.202216,0.631874,0.215731,0.451377,0.582514,0.387246,0.598947,0.570955,0.411818,0.613544,0.43589,0.399741,0.805769,0.836358,0.554867,0.839558,0.272518,0.558115,0.219211,0.408744,0.377101,0.845044,0.215291,0.819049,0.702037,0.392817,0.728215,0.490861,0.604001,0.228775,0.747667,0.284304,0.23438,0.233747,0.063201,0.409851,0.063201,0.60318,0.17098,0.512773,0.23438,0.60452,0.197056,0.284304,0.165081,0.382379,0.784709,0.603598,0.805769,0.258727,0.938898,0.408744,0.935641,0.558115,0.376217,0.225118,0.041722,0.588182,0.163642,0.258727,0.064359,0.727482,0.34011,0.406477,0.34771,0.270986,0.35301,0.46023,0.375112,0.234171,0.630511,0.254444,0.664783,0.460941,0.636805,0.453874,0.620334,0.597825,0.451441,0.544918,0.422334,0.453695,0.343816,0.644057,0.658024,0.647014,0.349361,0.845342,0.623603,0.836395,0.282581,0.399648,0.277681,0.2787,0.460941,0.75228,0.254444,0.714135,0.294197,0.56071,0.459885,0.596971,0.06899,0.597825,0.054703,0.453874,0.195689,0.437531,0.221013,0.533765,0.299691,0.63367,0.647014,0.752571,0.649009,0.597806,0.296347,0.837281,0.349361,0.316672,0.376397,0.674916,0.281156,0.545803,0.296347,0.30902,0.836395,0.674916,0.835499,0.545803,0.138274,0.427852,0.180973,0.290353,0.725736,0.459885,0.745117,0.294197,0.821375,0.317665,0.866369,0.474205,0.745117,0.56071,0.722319,0.37142,0.819027,0.401807,0.821375,0.578663,0.124701,0.602682,0.732289,0.649009,0.872141,0.625813,0.135046,0.779979,0.146798,0.528204,0.135046,0.342619,0.718844,0.835499,0.853202,0.781999,0.861726,0.300172,0.99179,0.38953,0.913131,0.45785,0.903363,0.355482,0.98108,0.48397,0.903363,0.545321,0.000499,0.582514,0.00821,0.477303,0.99237,0.598947,0.602682,0.288936,0.779979,0.342619,0.061728,0.702037,0.063579,0.490861,0.00763,0.570955,0.554867,0.205841,0.180951,0.603598,0.057613,0.51775,0.048291,0.353791,0.622899,0.742479,0.417544,0.980391,0.247261,0.942387,0.845342,0.316672,0.968015,0.453695,0.987751,0.544918,0.584294,0.000499,0.85762,0.534029,0.959259,0.651547,0.896395,0.422195,0.363195,0.054703,0.434871,0.228041,0.406125,0.040741,0.620334,0.06899,0.65229,0.308078,0.709729,0.437531,0.270986,0.308078,0.2787,0.37142]],
            "skinWeights": [],
            "morphTargets": [],
            "vertices": [-24.97,-5.81156,-4.18851,12.7545,2.92046,-5.69948,-30.9877,2.80651,17.0084,12.4957,11.9954,16.9761,-19.0493,-55.5084,-6.93063,3.27495,-83.9653,-6.8681,-22.0076,-66.7907,25.1791,-0.231064,-90.916,26.4854,-32.7667,3.37403,50.6165,12.7525,12.3418,54.2177,-24.1515,-67.0766,51.8103,1.20747,-89.8464,54.5736,-25.4181,-1.84206,81.9804,14.3824,6.36581,82.4526,-22.0774,-55.3653,79.4266,3.59049,-76.9194,83.262,-30.0422,-21.0325,-6.19571,-49.4911,-23.1919,16.9868,-29.1065,-41.2694,-6.60673,-46.2034,-55.3005,19.0522,-56.1498,-23.7271,41.8121,-49.6106,-56.9089,45.3638,-46.5365,-25.1243,73.7816,-46.0197,-48.3064,65.9165,47.2438,-9.50117,-1.43622,48.4493,-0.977472,18.5545,43.7889,-72.5205,-3.87691,49.2254,-78.4405,26.5902,47.8615,-0.404549,53.6077,48.1533,-78.4857,54.044,46.9818,-10.835,83.306,42.693,-66.4337,81.9859,58.3524,-19.3318,-0.29821,57.5752,-6.83374,17.5469,61.9689,-48.7091,1.9884,58.8944,-54.3368,26.4345,54.861,-5.34151,52.0753,59.9339,-54.4664,54.3383,55.3914,-9.64739,82.1167,57.8011,-46.3956,81.8537,73.6932,-24.0477,1.42121,80.4666,-8.27421,21.7083,74.0657,-51.4955,5.45088,81.203,-60.2695,28.5472,82.6196,-6.53031,47.5031,82.1186,-59.4094,50.9161,80.9786,-14.8618,73.6621,79.1143,-43.6643,73.9602,88.6209,-32.7454,8.71043,101.099,-22.1424,29.0043,87.0714,-46.3209,11.0305,99.3997,-52.112,29.988,102.322,-21.788,44.5276,101.191,-50.2991,46.9521,92.609,-22.6524,62.1623,92.3154,-37.8688,66.0248,-17.5636,-16.5957,98.9998,12.2768,-18.8148,106.051,-17.0061,-42.0419,97.6243,10.0059,-48.8886,103.232,35.406,-32.1007,101.406,30.7888,-46.2582,104.317,-18.8019,-27.2119,-26.1322,9.71436,-30.9899,-41.3447,-17.8238,-44.5684,-20.4112,8.19454,-62.807,-35.4073,44.7873,-32.1284,-33.3474,42.1745,-54.4694,-31.2395,56.3553,-29.592,-12.5458,59.0172,-44.5273,-8.80941],
            "bones": [],
            "animations": [],
            "metadata": {
                "uvs": 1,
                "materials": 1,
                "faces": 136,
                "morphTargets": 0,
                "version": 3,
                "generator": "io_three",
                "normals": 70,
                "vertices": 70,
                "bones": 0
            },